Setting,n_features,silhouette,fit_time_sec
Full features,12,0.18946164809274688,1.399463415145874
PCA(95%),8,0.22297274897264738,0.020392656326293945
